filepath,groups
000001_female_Asian_45,0
000002_female_Asian_52,1
000004_male_Asian_54,3
000005_female_Asian_58,3
000006_female_Asian_59,0
000007_female_Asian_58,0
000008_female_Asian_58,4
000009_female_Asian_56,2
000010_female_Asian_58,1
000012_male_Asian_57,4
000014_female_Asian_58,0
000015_male_Asian_55,0
000016_female_Asian_58,2
000018_female_Asian_59,3
000019_female_Asian_57,0
000020_female_Asian_50,4
000021_female_Asian_54,1
000022_female_Asian_58,1
000023_female_Asian_55,3
000024_female_Asian_58,3
000025_female_Asian_49,1
000026_female_Asian_56,4
000028_female_Asian_58,1
000029_female_Asian_58,4
000030_female_Asian_55,0
000031_female_Asian_54,0
000033_male_Asian_57,1
000034_female_Asian_55,2
000036_female_Asian_58,3
000037_female_Asian_58,0
000038_female_Asian_58,0
000039_female_Asian_57,2
000040_female_Asian_57,1
000041_female_Asian_58,1
000043_male_Asian_56,0
000044_female_Asian_58,0
000045_female_Asian_56,2
000046_male_Asian_55,2
000047_male_Asian_58,0
000048_female_Asian_57,4
000062_female_Asian_55,0
000064_male_Asian_59,0
000066_female_Asian_53,4
000067_female_Asian_54,4
000069_female_Asian_54,0
000070_female_Asian_58,2
000071_female_Asian_56,1
000073_female_Asian_52,4
000075_female_Asian_56,2
000077_male_Asian_59,2
000078_female_Asian_55,1
000079_female_Asian_57,4
000080_female_Asian_57,1
000206_female_Asian_57,2
000207_female_Asian_56,4
000209_female_Asian_56,4
000210_female_Asian_54,1
000212_female_Asian_51,2
000214_female_Asian_51,3
000215_female_Asian_59,0
000216_female_Asian_56,4
000217_female_Asian_54,2
000218_female_Asian_59,0
000219_female_Asian_53,2
000221_female_Asian_40,0
000224_female_Asian_56,0
000225_female_Asian_25,4
000226_female_Asian_58,1
000227_female_Asian_59,2
000228_female_Asian_56,3
000229_male_Asian_56,0
000231_male_Asian_56,2
000232_male_Asian_53,0
000235_male_Asian_57,2
000236_male_Asian_51,4
000237_male_Asian_56,4
000238_male_Asian_57,0
000240_male_Asian_57,3
000241_male_Asian_56,4
000242_male_Asian_56,1
000243_female_Asian_58,1
000244_female_Asian_56,0
000245_male_Asian_58,3
000248_female_Asian_54,2
000249_male_Asian_53,1
000255_female_Asian_59,4
000256_female_Asian_58,4
000260_female_Asian_58,2
000261_female_Asian_58,0
000262_male_Asian_56,3
000263_female_Asian_48,0
000264_female_Asian_51,4
000265_female_Asian_58,0
000266_female_Asian_58,4
000267_male_Asian_58,3
000268_male_Asian_59,3
000269_male_Asian_56,4
000270_female_Asian_49,2
000272_female_Asian_52,1
000273_female_Asian_56,3
000274_female_Asian_54,3
000275_female_Asian_54,2
000276_female_Asian_58,0
000277_female_Asian_54,2
000278_female_Asian_54,0
000279_female_Asian_54,4
000280_female_Asian_54,0
000282_female_Asian_59,1
000283_female_Asian_57,2
000285_female_Asian_54,1
000286_female_Asian_51,4
000288_female_Asian_51,0
000292_female_Asian_57,3
000293_female_Asian_57,3
000294_female_Asian_53,2
000295_female_Asian_56,2
000296_female_Asian_57,3
000297_female_Asian_53,2
000299_female_Asian_57,3
000301_female_Asian_55,1
000302_female_Asian_56,2
000304_female_Asian_51,4
000309_male_Asian_29,2
000311_female_Asian_58,4
000312_female_Asian_57,2
000313_female_Asian_54,3
000334_female_Asian_52,3
000336_female_Asian_56,0
000344_female_Asian_57,0
000348_male_Asian_58,4
000356_female_Asian_58,4
000357_female_Asian_55,4
000376_female_Asian_59,0
000378_female_Asian_55,1
000381_female_Asian_59,1
000498_female_Asian_56,2
000499_female_Asian_58,1
000511_female_Asian_55,0
000512_female_Asian_55,0
000513_female_Asian_58,2
000514_female_Asian_59,4
000515_female_Asian_50,3
000516_female_Asian_52,4
000517_female_Asian_58,2
000518_female_Asian_55,4
000519_female_Asian_56,0
000520_female_Asian_59,4
000522_female_Asian_51,3
000523_female_Asian_51,2
000525_female_Asian_53,0
000526_female_Asian_59,0
000527_female_Asian_58,4
000528_female_Asian_51,1
000529_female_Asian_51,3
000531_female_Asian_56,1
000532_female_Asian_57,0
000533_female_Asian_54,3
000534_female_Asian_50,3
000535_female_Asian_50,0
000536_female_Asian_51,1
000538_male_Asian_54,3
000539_female_Asian_54,1
000541_female_Asian_35,2
000542_female_Asian_58,4
000543_male_Asian_35,2
000545_female_Asian_58,1
000546_female_Asian_52,4
000547_female_Asian_55,2
000548_female_Asian_53,4
000549_female_Asian_58,2
000550_male_Asian_56,1
000552_female_Asian_56,2
000553_female_Asian_58,1
000554_female_Asian_54,3
000556_male_Asian_57,3
000557_female_Asian_57,3
000558_female_Asian_58,1
000559_female_Asian_59,1
000560_female_Asian_55,0
000561_female_Asian_52,2
000562_female_Asian_58,0
000563_female_Asian_58,0
000564_female_Asian_57,4
000565_female_Asian_35,1
000566_male_Asian_58,4
000567_female_Asian_51,1
000568_female_Asian_54,2
000570_female_Asian_54,2
000571_male_Asian_51,0
000572_female_Asian_57,1
000573_female_Asian_50,0
000574_female_Asian_56,1
000575_male_Asian_55,1
000576_female_Asian_56,3
000577_female_Asian_57,2
000588_female_Asian_58,4
000589_female_Asian_56,2
000590_male_Asian_52,1
000591_female_Asian_55,4
000592_female_Asian_57,4
000593_female_Asian_58,3
000594_female_Asian_57,0
000595_male_Asian_56,0
000596_female_Asian_55,0
000597_male_Asian_57,2
000598_female_Asian_54,0
000600-1_female_Asian_54,3
000600_female_Asian_52,1
000601_female_Asian_53,4
000602_female_Asian_50,0
000605_male_Asian_57,2
000606_female_Asian_58,1
000607_female_Asian_53,0
000609_male_Asian_57,1
000610_female_Asian_52,1
000611_male_Asian_51,1
000613_male_Asian_51,3
000614_female_Asian_56,4
000615_male_Asian_56,1
000616_female_Asian_57,0
000618_male_Asian_37,2
000619_female_Asian_56,0
000620_female_Asian_51,0
000621_female_Asian_57,2
000622_male_Asian_56,4
000623_female_Asian_57,2
000625_male_Asian_57,2
000626_female_Asian_57,2
000628_male_Asian_51,4
000629_female_Asian_58,1
000630_female_Asian_55,2
000631_female_Asian_57,2
000632_female_Asian_54,4
000633_female_Asian_59,4
000635_female_Asian_58,3
000636_female_Asian_51,1
000637_female_Asian_50,3
000639_female_Asian_54,3
000640_female_Asian_57,3
000641_female_Asian_57,4
000642_female_Asian_54,2
000643_female_Asian_53,3
000644_female_Asian_54,1
000645_female_Asian_57,1
000646_female_Asian_51,0
000647_female_Asian_53,1
000650_male_Asian_54,2
000651_male_Asian_54,2
000652_female_Asian_58,3
000653_female_Asian_52,2
000654_female_Asian_53,4
000655_male_Asian_53,1
000656_female_Asian_57,3
000657_female_Asian_52,2
000658_male_Asian_58,4
000659_male_Asian_58,1
000661_male_Asian_55,3
000662_female_Asian_53,4
000663_female_Asian_57,1
000664_female_Asian_55,4
000665_female_Asian_54,2
000667_female_Asian_57,1
000668_female_Asian_53,3
000669_female_Asian_58,3
000670_female_Asian_51,3
000671_female_Asian_55,2
000672_female_Asian_53,3
000673_female_Asian_54,4
000675_female_Asian_59,3
000676_female_Asian_57,3
000678_female_Asian_52,3
000679_female_Asian_55,4
000684_female_Asian_56,4
000685_male_Asian_19,3
000686_female_Asian_52,2
000687_male_Asian_50,3
000688_female_Asian_57,3
000689_female_Asian_57,1
000690_female_Asian_51,0
000691_female_Asian_56,4
000692_female_Asian_55,2
000693_female_Asian_54,1
000694_female_Asian_54,2
000695_female_Asian_53,4
000696_female_Asian_58,4
000697_female_Asian_58,0
000698_female_Asian_55,3
000699_female_Asian_57,0
000700_female_Asian_50,2
000711_female_Asian_53,2
000712_female_Asian_50,3
000713_female_Asian_51,3
000714_female_Asian_51,4
000715_female_Asian_56,2
000716_male_Asian_51,3
000717_female_Asian_51,4
000718_female_Asian_56,3
000719_female_Asian_53,0
000720_female_Asian_56,4
000721_female_Asian_53,3
000722_female_Asian_56,1
000723_female_Asian_56,2
000724_female_Asian_57,3
000725_female_Asian_50,3
000726_female_Asian_56,0
000728_female_Asian_58,1
000729_female_Asian_52,4
000730_female_Asian_51,4
000731_male_Asian_58,0
000732_female_Asian_54,1
000733_female_Asian_56,1
000735_female_Asian_51,3
000736_female_Asian_53,1
000737_female_Asian_56,0
000738_female_Asian_53,4
000739_female_Asian_52,0
000740_female_Asian_52,0
000741_female_Asian_50,3
000742_female_Asian_58,0
000743_female_Asian_51,0
000745_female_Asian_51,2
000746_female_Asian_53,2
000747_female_Asian_52,2
000748-1_female_Asian_54,3
000748_female_Asian_55,4
000750_female_Asian_52,0
000751_female_Asian_56,4
000754_female_Asian_50,3
000755_female_Asian_53,4
000758_female_Asian_56,3
000759_female_Asian_57,4
000760_female_Asian_50,4
000763_female_Asian_55,2
000764_female_Asian_56,1
000765_female_Asian_57,0
000766_female_Asian_53,0
000767_female_Asian_56,2
000768_female_Asian_58,0
000769_female_Asian_56,1
000770_female_Asian_50,3
000771_female_Asian_58,4
000772_female_Asian_54,1
000773_female_Asian_57,1
000775_male_Asian_56,2
000776_female_Asian_57,1
000778_female_Asian_56,1
000779_female_Asian_50,4
000781_male_Asian_51,0
000782_female_Asian_58,0
000783_male_Asian_58,0
000786_female_Asian_50,2
000789_female_Asian_54,3
000797_female_Asian_56,4
000799_female_Asian_51,2
000801_male_Asian_59,4
000802_female_Asian_52,2
000807_male_Asian_59,0
000808_male_Asian_54,3
000809_male_Asian_51,1
000810_male_Asian_58,0
000811_male_Asian_55,2
000812_male_Asian_55,1
000814_male_Asian_56,2
000815_female_Asian_51,3
000816_female_Asian_54,2
000817_female_Asian_52,2
000818_female_Asian_52,0
000819_female_Asian_57,3
000820_female_Asian_51,1
000821_male_Asian_56,0
000824_female_Asian_55,0
000825_male_Asian_53,2
000826_female_Asian_55,2
000827_female_Asian_55,3
000829_female_Asian_55,4
000830_female_Asian_55,4
000831_female_Asian_55,1
000900_female_Asian_48,4
000901_female_Asian_49,0
001002_female_Asian_42,2
001003_male_Asian_24,4
001004_female_Asian_23,0
001005_male_Asian_24,4
001006_female_Asian_19,0
001008_female_Asian_58,3
001009_female_Asian_40,1
001010_male_Asian_59,4
001011_male_Asian_30,3
001012_female_Asian_18,1
001013_female_Asian_25,4
001014_male_Asian_19,4
001015_female_Asian_22,3
001016_male_Asian_26,3
001017_male_Asian_24,2
001018_female_Asian_25,0
001019_male_Asian_29,3
001021_female_Asian_58,0
001022_male_Asian_21,0
001023_male_Asian_19,2
001024-1_female_Asian_24,1
001024_male_Asian_58,3
001025_male_Asian_19,3
001026-1_male_Asian_25,2
001026_male_Asian_57,3
001027_male_Asian_55,1
001028_female_Asian_25,3
001029-1_female_Asian_23,4
001029_male_Asian_59,0
001030_male_Asian_26,4
001031_female_Asian_45,0
001032_female_Asian_25,3
001033_female_Asian_19,1
001034_male_Asian_27,4
001035_female_Asian_25,0
001036_female_Asian_25,3
001037_male_Asian_18,0
001038-1_male_Asian_20,2
001038_male_Asian_60,1
001039_female_Asian_25,0
001040_male_Asian_30,1
001041_female_Asian_25,3
001042_male_Asian_19,1
001043-1_male_Asian_23,3
001043_male_Asian_60,1
001044_female_Asian_25,0
001045_male_Asian_19,4
001046_female_Asian_25,2
001047-1_male_Asian_20,3
001047_male_Asian_60,2
001048_female_Asian_59,4
001049_female_Asian_55,3
001050_male_Asian_19,1
001051_female_Asian_25,4
001053_male_Asian_26,1
001054_female_Asian_24,2
001055_female_Asian_25,3
001056_female_Asian_25,0
001057_female_Asian_25,3
001058_female_Asian_28,3
001059_female_Asian_25,0
001060_female_Asian_25,4
001061_male_Asian_25,2
001062_female_Asian_25,4
001063_female_Asian_60,4
001064_female_Asian_44,2
001065_male_Asian_26,0
001066_female_Asian_25,2
001067_male_Asian_24,0
001068_female_Asian_25,3
001069_female_Asian_19,1
001070_female_Asian_58,2
001071_male_Asian_45,0
001072_female_Asian_25,4
001073_female_Asian_25,4
001074_female_Asian_19,2
001076_male_Asian_48,4
001077_male_Asian_19,2
001079_female_Asian_23,3
001080_female_Asian_23,3
001082_female_Asian_51,0
001083_female_Asian_34,3
001084_female_Asian_26,1
001085_male_Asian_26,2
001087_female_Asian_25,0
001088_male_Asian_24,0
001089_female_Asian_25,1
001090_male_Asian_34,3
001091_female_Asian_19,1
001092_female_Asian_18,1
001094_male_Asian_23,0
001095_male_Asian_25,1
001096_male_Asian_22,1
001097_female_Asian_39,3
001098_male_Asian_23,3
001099_male_Asian_25,1
001100_female_Asian_43,2
001101_male_Asian_60,0
001102_female_Asian_60,1
001104_female_Asian_58,3
001105_male_Asian_25,3
001106_female_Asian_60,2
001107_male_Asian_25,2
001108_female_Asian_23,3
001110_male_Asian_25,4
001112_male_Asian_28,0
001113_male_Asian_18,4
001114_male_Asian_26,2
001115_female_Asian_23,0
001116_female_Asian_25,0
001118_female_Asian_19,1
001119_female_Asian_27,0
001120_female_Asian_28,3
001122_male_Asian_25,0
001123_female_Asian_25,0
001124_male_Asian_30,0
001125_female_Asian_27,4
001127_male_Asian_18,0
001128_female_Asian_18,2
001129_male_Asian_20,1
001130_male_Asian_23,2
001131-1_male_Asian_22,3
001131_female_Asian_22,3
001132-1_male_Asian_25,3
001132_female_Asian_43,4
001133_male_Asian_56,1
001135_male_Asian_23,1
001136_male_Asian_26,1
001137_male_Asian_24,0
001138_female_Asian_23,1
001139_female_Asian_19,4
001140_female_Asian_22,2
001141_male_Asian_23,3
001142_female_Asian_19,1
001143_female_Asian_35,1
001144_male_Asian_28,3
001145_male_Asian_20,2
001146_male_Asian_45,3
001147_male_Asian_35,3
001148_female_Asian_58,0
001149_female_Asian_20,4
001150_male_Asian_23,4
001151_male_Asian_23,2
001152_male_Asian_60,3
001153_female_Asian_25,0
001154_female_Asian_23,4
001155_male_Asian_28,4
001156_female_Asian_58,0
001157_female_Asian_24,0
001158_female_Asian_56,0
001159_male_Asian_24,1
001161_male_Asian_40,0
001162_male_Asian_23,0
001163_male_Asian_23,2
001164_female_Asian_20,3
001165_female_Asian_44,3
001167_male_Asian_23,4
001168_male_Asian_28,2
001169_female_Asian_55,3
001170_female_Asian_55,1
001171_male_Asian_20,0
001172_female_Asian_60,2
001173_male_Asian_30,4
001174_male_Asian_25,0
001175_male_Asian_60,4
001176_male_Asian_18,4
001177_female_Asian_20,1
001178_female_Asian_24,4
001179-1_female_Asian_24,3
001179_male_Asian_54,3
001180_female_Asian_48,2
001181_male_Asian_22,4
001182-1_male_Asian_19,3
001182_female_Asian_18,2
001183-1_male_Asian_25,0
001183_female_Asian_52,4
001184_female_Asian_50,0
001186-1_male_Asian_24,0
001186_female_Asian_50,2
001187-1_male_Asian_25,2
001187_female_Asian_50,0
001188_male_Asian_60,1
001190_male_Asian_24,1
001191_male_Asian_25,3
001192_male_Asian_23,2
001193_male_Asian_21,2
001194_male_Asian_25,1
001195_female_Asian_22,2
001197_male_Asian_25,1
001198_male_Asian_26,3
001200_male_Asian_24,0
001201_male_Asian_26,0
001210_male_Asian_25,3
001214_male_Asian_25,1
001215_male_Asian_19,2
001217_female_Asian_25,0
001218_female_Asian_18,1
001221_male_Asian_19,0
001223_female_Asian_21,1
001224_female_Asian_24,1
001225_male_Asian_23,1
001226_male_Asian_23,4
001227_male_Asian_24,0
001228_male_Asian_22,3
001230_male_Asian_24,0
001231_male_Asian_26,2
001233_male_Asian_25,4
001235_male_Asian_20,3
001238_female_Asian_24,1
001239_male_Asian_25,0
001240_female_Asian_24,0
001244_male_Asian_23,4
001245_female_Asian_23,4
001246_male_Asian_22,3
001248_female_Asian_26,4
001249_female_Asian_24,1
001250_male_Asian_23,0
001251_male_Asian_19,4
001252_male_Asian_22,1
001253_male_Asian_24,2
001254_female_Asian_24,0
001256_female_Asian_24,3
001257_male_Asian_25,1
001258_female_Asian_21,3
001259_male_Asian_24,2
001263_male_Asian_33,2
001266_female_Asian_24,4
001267_female_Asian_24,3
001269_female_Asian_23,3
001270_male_Asian_21,1
001274_female_Asian_23,1
001275_female_Asian_24,2
001276_female_Asian_25,2
001277_male_Asian_24,2
001280_female_Asian_27,1
001281_female_Asian_23,1
001282_female_Asian_18,2
001284_male_Asian_25,4
001286_female_Asian_23,2
001287_male_Asian_26,4
001288_female_Asian_23,4
001289_female_Asian_23,1
001292_female_Asian_24,1
001293_female_Asian_24,4
001294_male_Asian_22,4
001295_female_Asian_21,0
001297_female_Asian_21,4
001298_female_Asian_26,3
001299_female_Asian_25,0
001301_female_Asian_21,0
001302_female_Asian_20,2
001303_female_Asian_21,4
001304_male_Asian_26,1
001306_male_Asian_20,0
001308_male_Asian_26,1
001309_male_Asian_23,3
001310_female_Asian_25,3
001311_female_Asian_34,4
001312_male_Asian_25,1
001313_female_Asian_45,4
001315_female_Asian_24,2
001317_female_Asian_25,0
001320_male_Asian_26,4
001321_female_Asian_27,0
001323_male_Asian_24,4
001325_female_Asian_23,4
001326_male_Asian_25,1
001328_male_Asian_55,3
001330_female_Asian_28,1
001331_female_Asian_23,1
001332_male_Asian_25,2
001334_female_Asian_24,2
001335_male_Asian_30,3
001336_male_Asian_26,4
001337_female_Asian_25,0
001338_female_Asian_54,4
001339_female_Asian_26,3
001340_male_Asian_23,4
001341_male_Asian_58,1
001347_female_Asian_22,4
001348_female_Asian_22,4
001351_male_Asian_24,1
001352_female_Asian_18,2
001354_male_Asian_27,4
001355_female_Asian_22,2
001356_male_Asian_23,1
001357_female_Asian_25,3
001358_female_Asian_29,2
001359-1_female_Asian_24,1
001359_male_Asian_26,1
001360_male_Asian_26,0
001362_female_Asian_28,0
001363_female_Asian_60,2
001364_male_Asian_28,0
001366_male_Asian_24,3
001367_male_Asian_21,2
001368_female_Asian_22,0
001373_male_Asian_23,4
001376_female_Asian_58,4
001378_female_Asian_55,1
001381_male_Asian_23,3
001382_female_Asian_60,3
001384_female_Asian_22,1
001386_female_Asian_20,4
001387_female_Asian_21,3
001388_male_Asian_21,1
001389_male_Asian_21,0
001390_male_Asian_56,4
001393_male_Asian_24,0
001394_male_Asian_25,2
001395_male_Asian_59,2
001396_male_Asian_45,2
001401_male_Asian_48,4
001403_male_Asian_18,3
001405_male_Asian_55,1
001406_male_Asian_57,1
001407_male_Asian_43,1
001409_male_Asian_41,3
001411_male_Asian_26,0
001412_male_Asian_50,2
001413_male_Asian_57,2
001417_male_Asian_58,1
001418_male_Asian_59,1
001419_male_Asian_59,0
001420_male_Asian_49,4
001422_male_Asian_58,1
001423_male_Asian_53,4
001424_male_Asian_55,3
001430_male_Asian_52,0
001432_male_Asian_53,0
001433_male_Asian_52,2
001436_male_Asian_57,4
001439_male_Asian_58,3
001441_female_Asian_54,4
001442_female_Asian_43,0
001443_female_Asian_45,0
001444_male_Asian_60,1
001445_male_Asian_57,0
001449_female_Asian_51,4
001450_female_Asian_50,3
001451_female_Asian_52,4
001452_male_Asian_56,1
001453_male_Asian_56,2
001454_female_Asian_49,4
001455_female_Asian_60,3
001456_male_Asian_57,1
001457_male_Asian_59,3
001458_female_Asian_58,4
001459_female_Asian_60,2
001460_female_Asian_58,3
001461_female_Asian_50,4
001462_male_Asian_56,1
001464-1_female_Asian_56,0
001464_male_Asian_60,3
001467_female_Asian_53,1
001468_female_Asian_60,4
001470_male_Asian_59,4
001471_female_Asian_60,4
001472_female_Asian_60,2
001473_female_Asian_51,4
001475_female_Asian_60,1
001476_male_Asian_58,2
001477_male_Asian_57,3
001479_female_Asian_57,3
001480_female_Asian_60,2
001481_male_Asian_55,2
001482_female_Asian_60,2
001484_male_Asian_57,0
001485_female_Asian_52,1
001486_female_Asian_60,2
001487_female_Asian_60,4
001488_female_Asian_57,3
001489_male_Asian_55,3
001490_female_Asian_59,3
001491_male_Asian_25,3
001492-1_female_Asian_22,0
001492_female_Asian_58,0
001493-1_male_Asian_23,3
001494-1_female_Asian_23,2
001494_male_Asian_60,4
001495-1_male_Asian_21,0
001496-1_male_Asian_21,2
001496_male_Asian_55,0
001497_male_Asian_60,1
001498-1_female_Asian_23,3
001498_female_Asian_59,4
001499_female_Asian_23,3
001501_male_Asian_18,2
001502_female_Asian_18,0
001503_male_Asian_27,2
001504_female_Asian_56,0
001505_female_Asian_24,3
001506_female_Asian_53,0
001508_male_Asian_18,3
001509_female_Asian_60,2
001510_female_Asian_18,0
001511_female_Asian_20,2
001512_female_Asian_18,1
001513_male_Asian_22,0
001514_female_Asian_22,1
001515_female_Asian_56,4
001516_female_Asian_57,3
001517-1_female_Asian_23,0
001517_female_Asian_60,1
001518_male_Asian_60,0
001519_female_Asian_54,1
001520_female_Asian_47,3
001522_female_Asian_26,1
001523_male_Asian_28,1
001524_female_Asian_25,3
001525_female_Asian_60,1
001526_female_Asian_24,1
001527_female_Asian_60,2
001528_female_Asian_34,1
001529_female_Asian_25,0
001530_female_Asian_22,3
001531_female_Asian_26,4
001533_male_Asian_59,4
001534_male_Asian_20,0
001535_female_Asian_18,3
001536_male_Asian_56,3
001537_male_Asian_60,4
001538_male_Asian_55,2
001539_female_Asian_28,2
001540_male_Asian_60,3
001541_female_Asian_23,2
001542_female_Asian_25,1
001543_female_Asian_60,1
001544_female_Asian_25,4
001545_female_Asian_24,2
001546_male_Asian_26,3
001547_female_Asian_25,2
001548_female_Asian_24,1
001549_female_Asian_60,2
001550_male_Asian_28,2
001554_female_Asian_27,4
001555_female_Asian_59,0
001556_female_Asian_60,3
001557_female_Asian_23,0
001558_female_Asian_57,0
001560_female_Asian_58,0
001561_male_Asian_20,4
001562_female_Asian_18,4
001563_female_Asian_55,0
001564_male_Asian_22,4
001565_male_Asian_60,3
001566_female_Asian_26,2
001567_male_Asian_56,3
001568_male_Asian_60,3
001570_male_Asian_60,3
001572_female_Asian_26,4
001573_female_Asian_34,4
001574_female_Asian_34,4
001575_female_Asian_30,4
001576_female_Asian_24,4
001577_female_Asian_25,2
001578_male_Asian_56,0
001581_female_Asian_60,0
001582_female_Asian_59,2
001583-1_female_Asian_19,2
001583_female_Asian_27,4
001585_female_Asian_57,2
001586_female_Asian_18,3
001587_female_Asian_20,4
001588_female_Asian_18,2
001589_male_Asian_24,0
001590_female_Asian_18,4
001591_female_Asian_56,1
001592_male_Asian_59,1
001593_female_Asian_60,3
001594_male_Asian_58,1
001595_male_Asian_57,0
001596_male_Asian_26,4
001597_male_Asian_60,2
001598_female_Asian_60,2
001599_male_Asian_24,3
001600_male_Asian_23,4
001601_female_Asian_50,3
001603_male_Asian_23,3
001604_male_Asian_24,1
001606_female_Asian_24,2
001607_female_Asian_18,2
001608_female_Asian_19,3
001610_female_Asian_20,4
001611_male_Asian_23,1
001612_female_Asian_23,1
001614_female_Asian_44,4
001615_female_Asian_18,4
001616_female_Asian_40,2
001617_female_Asian_37,1
001619_female_Asian_19,2
001620_male_Asian_45,1
001621_female_Asian_34,4
001622_female_Asian_40,3
001623_female_Asian_19,3
001624_female_Asian_23,2
001625_male_Asian_60,2
001626_female_Asian_58,2
001628_female_Asian_55,3
001629_female_Asian_42,0
001630-1_female_Asian_34,4
001631_female_Asian_58,3
001632_female_Asian_58,2
001633_female_Asian_58,0
001635_male_Asian_45,3
001636_male_Asian_28,3
001637_female_Asian_34,1
001638_male_Asian_35,3
001639_male_Asian_18,3
001640_male_Asian_18,1
001641_male_Asian_18,2
001643_female_Asian_21,1
001644_male_Asian_22,0
001645-1_female_Asian_26,1
001646_female_Asian_22,0
001647-1_female_Asian_56,1
001647_male_Asian_46,0
001648_male_Asian_50,4
001649_female_Asian_44,1
001650_female_Asian_49,3
001652_female_Asian_35,4
001653_female_Asian_36,1
001655_female_Asian_58,2
001656_female_Asian_60,1
001657_female_Asian_18,4
001658_female_Asian_19,4
001659_male_Asian_23,0
001660_female_Asian_18,1
001661_female_Asian_45,3
001662_female_Asian_30,0
001663_male_Asian_23,4
001664_female_Asian_51,1
001665_male_Asian_22,2
001666_female_Asian_45,4
001667_female_Asian_45,2
001668_female_Asian_48,4
001669_male_Asian_52,0
001700_male_Asian_33,0
001702_female_Asian_24,3
001703_male_Asian_49,3
001704_male_Asian_51,0
001705_male_Asian_37,4
001707_female_Asian_56,2
001708_female_Asian_55,2
001709_female_Asian_46,3
001710_male_Asian_58,4
001712_female_Asian_56,2
001713_female_Asian_53,1
001714_female_Asian_35,0
001715_male_Asian_43,1
001716_male_Asian_27,3
001717_male_Asian_56,0
001718_male_Asian_55,0
001719_female_Asian_50,0
001720_female_Asian_18,2
001721_female_Asian_35,4
001722_male_Asian_30,3
001723_female_Asian_35,3
001724_female_Asian_22,4
001725_female_Asian_25,0
001726_male_Asian_26,0
001727_male_Asian_28,3
001728_female_Asian_38,3
001729_male_Asian_51,1
001730_female_Asian_22,1
001734_male_Asian_23,2
001735_male_Asian_53,0
001736_female_Asian_36,1
001737_male_Asian_18,3
001738_female_Asian_26,0
001739_male_Asian_29,4
001740_female_Asian_50,4
001741_female_Asian_44,3
001742_female_Asian_43,4
001743_female_Asian_48,1
001744_female_Asian_46,4
001745_female_Asian_47,3
001747_male_Asian_49,1
001748_female_Asian_47,1
001749_female_Asian_39,3
001750_female_Asian_50,1
001751_male_Asian_51,4
001752_male_Asian_53,3
001754_female_Asian_43,2
001755_male_Asian_38,1
001756_male_Asian_59,0
001757_female_Asian_45,3
001758_male_Asian_55,0
001759_female_Asian_46,2
001760_female_Asian_50,1
001761_male_Asian_44,1
001762_male_Asian_40,1
001763_female_Asian_42,0
001765_male_Asian_58,2
001766_female_Asian_53,1
001767_female_Asian_50,1
001769_male_Asian_51,0
001770_female_Asian_47,3
001771_female_Asian_54,1
001772_male_Asian_57,0
001773_female_Asian_56,0
001774-1_female_Asian_52,4
001774-2_male_Asian_52,4
001774_female_Asian_58,0
001775-1_female_Asian_50,4
001775_male_Asian_58,2
001776_male_Asian_54,1
001777_female_Asian_58,3
001779_female_Asian_53,1
001780_female_Asian_54,3
001781_female_Asian_53,2
001783_female_Asian_42,2
001785_male_Asian_26,1
001786_male_Asian_28,0
001787_female_Asian_26,3
001788_male_Asian_28,2
001790_female_Asian_50,3
001791_male_Asian_24,4
001792_male_Asian_26,2
001793_female_Asian_25,2
001794_female_Asian_53,0
001795_male_Asian_27,2
001796_female_Asian_23,2
001798_male_Asian_23,2
001799_female_Asian_25,0
001800_female_Asian_54,0
001803_female_Asian_27,1
001804_female_Asian_23,3
001806_female_Asian_23,1
001808_male_Asian_55,3
001809_male_Asian_24,3
001810_male_Asian_56,4
001812_male_Asian_21,3
001813_male_Asian_55,2
001815_male_Asian_26,0
001817_male_Asian_23,2
001820_female_Asian_22,4
001821_female_Asian_36,4
001822_female_Asian_18,1
001825_female_Asian_21,4
001826_female_Asian_25,0
001827_male_Asian_18,1
001829_male_Asian_24,1
001830_male_Asian_24,4
001836_female_Asian_24,1
001839_male_Asian_26,4
001840-1_male_Asian_22,2
001840_male_Asian_23,4
001841_female_Asian_40,0
001842_male_Asian_23,4
001843_male_Asian_19,1
001851_male_Asian_25,2
001852_male_Asian_48,0
001855_female_Asian_24,3
001864_female_Asian_26,4
001868_female_Asian_52,0
001879_female_Asian_54,2
001881_female_Asian_50,4
001882_female_Asian_52,4
001883_female_Asian_49,4
001892_female_Asian_52,3
001894_female_Asian_54,4
001895_female_Asian_60,0
001899_male_Asian_50,3
001900_female_Asian_60,4
001903_female_Asian_60,3
001904_male_Asian_59,4
001905_female_Asian_52,1
001906_female_Asian_50,1
001908_female_Asian_53,3
001910_female_Asian_60,3
001917_male_Asian_53,4
001918_male_Asian_50,0
001919_female_Asian_53,1
001920_female_Asian_60,3
001922_male_Asian_42,4
001925_female_Asian_50,3
001926_female_Asian_50,3
001970_male_Asian_21,1
001971_male_Asian_21,2
001972_female_Asian_53,0
001973_female_Asian_56,1
001975_female_Asian_57,2
001979_female_Asian_29,4
001984_female_Asian_33,3
001985_female_Asian_34,0
001986_female_Asian_56,2
001987_female_Asian_48,1
001988_male_Asian_35,3
001989_male_Asian_50,1
001990_male_Asian_35,0
002826_male_Asian_20,3
003001_female_Asian_19,4
003002_female_Asian_20,3
003003_female_Asian_18,1
003004_female_Asian_19,0
003005_female_Asian_20,0
003006_female_Asian_19,1
003007_female_Asian_19,0
003009_female_Asian_20,0
003010_female_Asian_20,1
003011_female_Asian_19,3
003012_female_Asian_18,2
003013_female_Asian_19,3
003014_female_Asian_20,2
003015_female_Asian_19,0
003017_female_Asian_19,2
003019_female_Asian_19,4
003020_female_Asian_19,1
003021_female_Asian_20,3
003022_female_Asian_19,2
003023_female_Asian_20,3
003024_female_Asian_20,4
003026_female_Asian_20,1
003028_female_Asian_20,4
003029_female_Asian_20,0
003031_female_Asian_19,0
003032_female_Asian_20,2
003033_female_Asian_19,3
003034_female_Asian_20,0
003035_female_Asian_20,2
003036_female_Asian_19,1
003037_female_Asian_19,4
003038_female_Asian_20,4
003039_female_Asian_19,2
003041_female_Asian_20,0
003042_female_Asian_20,0
003044_female_Asian_20,4
003046_female_Asian_20,1
003047_female_Asian_20,0
003048_female_Asian_19,3
003049_female_Asian_20,3
003050_female_Asian_20,4
003051_female_Asian_20,3
003052_female_Asian_19,2
003053_female_Asian_20,0
003054_female_Asian_19,0
003055_female_Asian_20,2
003056_female_Asian_20,1
003057_female_Asian_19,2
003058_female_Asian_20,2
003059_female_Asian_19,2
003060_female_Asian_19,3
003061_female_Asian_20,1
003062_female_Asian_20,0
003063_female_Asian_19,2
003064_female_Asian_20,1
003066_female_Asian_19,3
003068_female_Asian_20,2
003069_female_Asian_19,4
003070_female_Asian_20,3
003071_female_Asian_20,0
003073_female_Asian_19,4
003074_female_Asian_19,2
003078_female_Asian_20,0
003079_female_Asian_19,1
003080_female_Asian_19,2
003081_female_Asian_20,0
003082_female_Asian_19,3
003084_female_Asian_19,3
003085_female_Asian_20,0
003087_female_Asian_19,0
003088_female_Asian_19,3
003090_female_Asian_19,3
003092_female_Asian_20,2
003093_female_Asian_19,0
003094_female_Asian_20,3
003095_female_Asian_20,3
003096_female_Asian_19,2
003097_female_Asian_20,2
003099_female_Asian_20,4
003100_female_Asian_20,1
003101_female_Asian_18,0
003102_female_Asian_20,0
003103_female_Asian_20,0
003104_female_Asian_19,4
003106_female_Asian_20,3
003108_female_Asian_19,4
003109_female_Asian_20,0
003110_female_Asian_19,3
003111_female_Asian_19,1
003112_female_Asian_20,3
003113_female_Asian_20,2
003115_female_Asian_18,4
003117_female_Asian_18,3
003118_female_Asian_20,1
003119_female_Asian_20,2
003120_female_Asian_19,0
003121_female_Asian_19,0
003123_female_Asian_19,4
003124_female_Asian_20,4
003125_female_Asian_19,4
003127_female_Asian_20,4
003128_female_Asian_19,4
003129_female_Asian_20,4
003130_female_Asian_19,3
003131_female_Asian_20,0
003132_female_Asian_19,1
003133_female_Asian_19,4
003134_female_Asian_20,3
003135_female_Asian_20,2
003136_female_Asian_19,2
003137_female_Asian_20,0
003138_female_Asian_20,0
003139_female_Asian_20,0
003140_female_Asian_20,4
003143_female_Asian_20,4
003144_female_Asian_19,1
003145_female_Asian_19,3
003146_female_Asian_20,1
003147_female_Asian_20,3
003148_female_Asian_20,0
003150_female_Asian_19,0
003152_female_Asian_19,4
003153_female_Asian_19,4
003154_female_Asian_19,4
003155_female_Asian_19,2
003156_female_Asian_20,4
003157_female_Asian_20,2
003158_female_Asian_20,1
003160_female_Asian_19,3
003161_female_Asian_20,2
003162_female_Asian_19,4
003164_female_Asian_19,0
003165_female_Asian_20,4
003166_female_Asian_20,4
003167_female_Asian_19,2
003168_female_Asian_20,0
003169_female_Asian_20,1
003170_female_Asian_20,1
003171_female_Asian_19,1
003172_female_Asian_19,3
003173_female_Asian_20,4
003175_female_Asian_20,1
003176_female_Asian_19,2
003177_female_Asian_18,2
003178_female_Asian_20,0
003179_female_Asian_19,1
003180_female_Asian_19,4
003181_female_Asian_19,4
003182_female_Asian_20,4
003183_female_Asian_19,2
003184_female_Asian_20,2
003185_female_Asian_19,3
003187_female_Asian_20,1
003188_female_Asian_19,0
003190_female_Asian_19,0
003191_female_Asian_18,2
003192_female_Asian_19,3
003193_female_Asian_19,2
003194_female_Asian_20,1
003195_female_Asian_19,4
003196_female_Asian_20,3
003197_female_Asian_19,4
003198_female_Asian_19,1
003199_female_Asian_20,3
003200_female_Asian_20,2
003220_female_Asian_20,2
003222_female_Asian_20,3
003223_female_Asian_18,1
003224_female_Asian_19,3
003225_female_Asian_20,2
003226_female_Asian_20,1
003227_female_Asian_19,0
003228_female_Asian_19,1
003231_female_Asian_19,1
003233_female_Asian_19,3
003234_female_Asian_20,1
003235_female_Asian_20,3
003237_female_Asian_19,0
003238_female_Asian_20,4
003239_female_Asian_20,4
003241_female_Asian_20,3
003242_female_Asian_20,1
003243_female_Asian_19,3
003245_female_Asian_19,4
003246_female_Asian_19,0
003248_female_Asian_20,0
003259_female_Asian_20,4
003264_female_Asian_19,0
003265_female_Asian_20,0
003266_female_Asian_20,4
003267_female_Asian_19,4
003268_female_Asian_20,4
003269_female_Asian_19,4
003270_female_Asian_19,4
003272_female_Asian_19,1
003274_female_Asian_20,1
003276_female_Asian_19,3
003277_female_Asian_19,1
003278_female_Asian_20,3
003279_female_Asian_19,4
003280_female_Asian_20,0
003282_female_Asian_19,1
003285_female_Asian_20,3
003286_female_Asian_19,0
003287_female_Asian_19,2
003288_female_Asian_20,1
003289_female_Asian_19,4
003290_female_Asian_19,4
003292_female_Asian_20,0
003293_female_Asian_19,0
003294_female_Asian_19,1
003295_female_Asian_20,3
003296_female_Asian_19,1
003297_female_Asian_20,2
003298_female_Asian_19,4
003299_female_Asian_20,4
003300_female_Asian_19,2
003302_female_Asian_18,4
003303_female_Asian_20,1
003304_female_Asian_19,1
003305_female_Asian_19,3
003306_female_Asian_20,2
003307_female_Asian_19,1
003309_female_Asian_20,2
003312_female_Asian_20,4
003313_female_Asian_20,4
003314_female_Asian_20,1
003315_female_Asian_20,3
003316_female_Asian_19,2
003317_female_Asian_19,1
003318_female_Asian_20,1
003319_female_Asian_20,4
003320_female_Asian_19,1
003321_female_Asian_19,1
003323_female_Asian_19,3
003324_female_Asian_20,0
003325_female_Asian_19,0
003326_female_Asian_20,0
003328_female_Asian_19,0
003329_female_Asian_19,4
003330_female_Asian_19,3
003331_female_Asian_20,0
003332_female_Asian_19,0
003333_female_Asian_19,3
003339_female_Asian_19,3
003340_female_Asian_20,4
003341_female_Asian_19,1
003342_female_Asian_20,0
003343_female_Asian_20,0
003344_female_Asian_19,0
003345_female_Asian_19,3
003346_female_Asian_19,2
003347_female_Asian_20,2
003348_female_Asian_20,4
003349_female_Asian_20,1
003350_female_Asian_19,0
003351_female_Asian_19,1
003352_female_Asian_20,1
003353_female_Asian_19,1
003355_female_Asian_19,1
003356_female_Asian_19,2
003357_female_Asian_20,2
003358_female_Asian_20,2
003359_female_Asian_20,3
003360_female_Asian_19,1
003361_female_Asian_20,2
003362_female_Asian_20,2
003363_female_Asian_19,2
003364_female_Asian_19,1
003365_female_Asian_19,0
003366_female_Asian_20,0
003367_female_Asian_19,2
003368_female_Asian_19,0
003369_female_Asian_20,2
003370_female_Asian_19,2
003371_female_Asian_19,2
003373_female_Asian_20,1
003374_female_Asian_20,4
003376_female_Asian_19,3
003377_female_Asian_20,3
003378_female_Asian_19,3
003379_female_Asian_20,3
003380_female_Asian_19,3
003381_female_Asian_19,4
003382_female_Asian_20,0
003383_female_Asian_19,3
003384_female_Asian_19,1
003386_female_Asian_20,1
003388_female_Asian_20,1
003389_female_Asian_19,3
003390_female_Asian_20,3
003391_female_Asian_20,2
003392_female_Asian_19,2
003395_female_Asian_20,3
003396_female_Asian_20,0
003397_female_Asian_19,3
003397_female_Asian_20,3
003398_female_Asian_19,1
003399_female_Asian_19,0
003400_female_Asian_19,1
003401_female_Asian_49,4
003402_female_Asian_53,4
003403-1_female_Asian_50,4
003403_male_Asian_52,0
003405_female_Asian_49,0
003406_male_Asian_55,1
003408_male_Asian_54,4
003409_female_Asian_56,0
003411_female_Asian_52,1
003412_female_Asian_48,1
003413_female_Asian_52,2
003414_male_Asian_51,3
003415_male_Asian_50,1
003416_male_Asian_52,0
003417_female_Asian_51,1
003418_female_Asian_53,1
003421_female_Asian_38,4
003424-1_female_Asian_44,3
003424_female_Asian_54,4
003426_female_Asian_50,4
003427_female_Asian_52,1
003429_female_Asian_51,1
003430_female_Asian_52,3
003431_female_Asian_50,1
003432_female_Asian_52,1
003433_male_Asian_59,0
003434_male_Asian_50,4
003435_female_Asian_52,2
003437_female_Asian_30,4
003439_male_Asian_58,1
003440_male_Asian_60,0
003441_female_Asian_50,4
003442_female_Asian_60,2
003444_female_Asian_57,1
003445_female_Asian_58,3
003448_female_Asian_54,2
003452_female_Asian_48,1
003454_female_Asian_60,0
003456_male_Asian_56,4
003457_female_Asian_45,1
003458_female_Asian_46,4
003459_female_Asian_48,1
003460_female_Asian_54,1
003462_female_Asian_55,2
003463_male_Asian_57,1
003467_female_Asian_57,3
003468_female_Asian_57,0
003469_female_Asian_55,0
003471_male_Asian_55,4
003472_female_Asian_48,0
003473_male_Asian_52,4
003474_female_Asian_48,0
003479_male_Asian_25,0
003480_female_Asian_53,4
003481_female_Asian_56,4
003482_female_Asian_57,3
003483_male_Asian_56,1
003484_female_Asian_52,0
003486_female_Asian_34,0
003488_male_Asian_50,4
003489_male_Asian_48,4
003490_male_Asian_50,1
003501_male_Asian_56,0
003502_male_Asian_41,2
003504_male_Asian_49,1
003505-1_female_Asian_58,2
003505_male_Asian_52,1
003506_male_Asian_56,1
003507_male_Asian_57,1
003508-1_female_Asian_60,0
003508_male_Asian_59,4
003509-1_male_Asian_57,1
003509_male_Asian_54,4
003510_male_Asian_58,1
003511-1_male_Asian_54,2
003511_male_Asian_54,4
003512_male_Asian_53,2
003513_male_Asian_57,2
003514-1_male_Asian_20,2
003514_male_Asian_59,1
003515_male_Asian_49,3
003516_male_Asian_57,4
003517_male_Asian_58,1
003518_male_Asian_57,4
003519_male_Asian_54,4
003521_male_Asian_58,4
003523_male_Asian_59,3
003524_male_Asian_56,1
003526_male_Asian_60,0
003527_male_Asian_59,1
003528_male_Asian_60,4
003529_male_Asian_58,3
003530_male_Asian_53,4
003531_male_Asian_55,1
003532_male_Asian_59,4
003533_male_Asian_59,3
003534_male_Asian_54,2
003535_male_Asian_52,2
003536_male_Asian_59,3
003537_male_Asian_54,4
003538_male_Asian_51,0
003539_male_Asian_56,4
003542_male_Asian_58,2
003543_male_Asian_55,1
003545_male_Asian_54,2
003546_male_Asian_60,0
003548_male_Asian_41,0
003550_male_Asian_48,4
003551_female_Asian_34,3
003552_female_Asian_60,1
003553_female_Asian_47,4
003554_female_Asian_59,4
003555_female_Asian_48,1
003557_female_Asian_51,0
003558_female_Asian_45,0
003559_female_Asian_56,3
003560_male_Asian_55,3
003561_male_Asian_52,0
003562_female_Asian_54,0
003563_male_Asian_60,2
003564_male_Asian_60,1
003565_female_Asian_57,3
003566_male_Asian_53,4
003567_female_Asian_25,0
003568_female_Asian_60,3
003569_female_Asian_60,0
003570_female_Asian_60,2
003571_male_Asian_60,0
003573_male_Asian_58,4
003574_male_Asian_54,0
003575_male_Asian_43,4
003576_female_Asian_56,2
003577_male_Asian_60,2
003578_female_Asian_51,3
003579_male_Asian_60,2
003581_male_Asian_56,1
003582_female_Asian_58,2
003583_female_Asian_60,3
003586_male_Asian_60,2
003587_female_Asian_58,4
003588_male_Asian_54,2
003589_female_Asian_54,1
003590_female_Asian_58,0
003592_female_Asian_58,3
003593_male_Asian_58,2
003595_male_Asian_50,3
003596_female_Asian_59,3
003598_male_Asian_58,1
003599_female_Asian_58,1
003600_female_Asian_59,1
003601_male_Asian_55,1
003602_male_Asian_58,0
003610_male_Asian_57,2
003615_male_Asian_59,2
003617_male_Asian_56,3
003619_male_Asian_57,2
003628_male_Asian_58,3
003632_male_Asian_43,2
003636_male_Asian_60,0
003639_male_Asian_60,4
003642_male_Asian_59,0
003643_male_Asian_58,1
003646_male_Asian_60,1
003648_male_Asian_59,3
003652_male_Asian_56,2
003653_male_Asian_54,3
003655_male_Asian_59,3
003658_male_Asian_52,2
003664_male_Asian_60,1
003666_male_Asian_60,0
003669_male_Asian_59,3
003672_male_Asian_58,3
003676_male_Asian_58,0
003680_male_Asian_59,3
003682_male_Asian_57,4
003684_male_Asian_58,0
003695_male_Asian_49,1
003699_male_Asian_41,4
003701_male_Asian_60,4
003702_female_Asian_60,1
003703_female_Asian_55,1
003704_male_Asian_60,2
003705_female_Asian_58,3
003706_male_Asian_60,3
003707_female_Asian_59,0
003708_female_Asian_56,1
003710_female_Asian_60,3
003711_female_Asian_58,1
003712_male_Asian_60,1
003713_female_Asian_55,2
003715_male_Asian_60,2
003716_female_Asian_58,2
003717_female_Asian_60,2
003718_female_Asian_60,2
003719_male_Asian_60,4
003720_male_Asian_54,3
003721_female_Asian_60,3
003722_female_Asian_56,2
003723_female_Asian_60,2
003724_female_Asian_58,3
003725_male_Asian_58,2
003726_female_Asian_58,2
003727_male_Asian_60,3
003728_female_Asian_60,3
003729_female_Asian_60,4
003731_female_Asian_60,0
003733_male_Asian_58,4
003734_male_Asian_55,2
003735_male_Asian_60,2
003736_female_Asian_60,1
003737_female_Asian_40,1
003738_female_Asian_55,1
003739_female_Asian_55,1
003740_female_Asian_50,2
003742_female_Asian_60,4
003743_female_Asian_50,2
003745_male_Asian_55,2
003746_male_Asian_50,4
003748_male_Asian_50,4
003751_male_Asian_52,3
003752_female_Asian_44,3
003753_female_Asian_50,4
003754_male_Asian_52,0
003755_male_Asian_52,1
003756_female_Asian_48,3
003757_female_Asian_52,3
003759_male_Asian_50,3
003760_female_Asian_52,1
003761_male_Asian_58,3
003762_female_Asian_44,1
003763_female_Asian_50,1
003764_female_Asian_49,2
003765_male_Asian_57,0
003766_male_Asian_38,2
003767_female_Asian_52,2
003768_female_Asian_50,3
003769_female_Asian_60,0
003771_male_Asian_55,0
003772_female_Asian_60,4
003773_female_Asian_50,1
003774_female_Asian_30,0
003775_female_Asian_29,1
003777_male_Asian_58,0
003778_female_Asian_57,1
003780_female_Asian_48,0
003781_female_Asian_56,1
003783_female_Asian_40,4
003784_female_Asian_47,3
003785_female_Asian_50,0
003786_female_Asian_45,2
003787_female_Asian_50,2
003789_male_Asian_41,4
003790_male_Asian_46,0
003791_female_Asian_50,0
003792_male_Asian_30,3
003793_female_Asian_44,2
003794_female_Asian_44,0
003795_male_Asian_58,2
003796_female_Asian_26,3
003798_female_Asian_50,2
003799_female_Asian_54,2
003801_female_Asian_49,0
003802_female_Asian_53,2
003803_female_Asian_46,4
003804_female_Asian_50,0
003805_male_Asian_56,3
003806_male_Asian_48,0
003807_male_Asian_52,3
003808_male_Asian_50,3
003810_female_Asian_49,0
003811_male_Asian_60,3
003812_male_Asian_52,3
003813_male_Asian_51,3
003814_male_Asian_27,0
003816_male_Asian_57,2
003817_male_Asian_54,1
003818_female_Asian_50,4
003819_female_Asian_50,2
003821_male_Asian_38,2
003823_male_Asian_48,3
003824_female_Asian_36,0
003825_female_Asian_51,3
003827_female_Asian_60,4
003828_female_Asian_29,4
003831_female_Asian_57,2
003832_male_Asian_55,1
003833_female_Asian_60,2
003834_female_Asian_58,0
003836_male_Asian_56,0
003837_male_Asian_60,1
003839_male_Asian_59,4
003840_male_Asian_56,4
003841_female_Asian_58,0
003843_male_Asian_55,4
003844_female_Asian_57,4
003845_female_Asian_56,1
003846_female_Asian_57,2
003847_male_Asian_58,4
003848_male_Asian_59,3
003849_male_Asian_57,2
003850_female_Asian_47,1
003851_female_Asian_59,0
003852_female_Asian_42,0
003853_female_Asian_57,4
003854_female_Asian_47,4
003856_female_Asian_54,4
003857_male_Asian_58,0
003859_male_Asian_60,0
003860_male_Asian_54,4
003861_female_Asian_56,1
003862_male_Asian_56,2
003863_female_Asian_56,1
003865_male_Asian_59,4
003866_male_Asian_40,2
003867_female_Asian_57,1
003871_female_Asian_57,1
003873_male_Asian_58,4
003874_male_Asian_60,2
003875_female_Asian_57,3
003877_female_Asian_55,3
003878_male_Asian_56,1
003879_female_Asian_51,4
003880_female_Asian_55,1
003881_male_Asian_56,0
003882_female_Asian_36,2
003884_female_Asian_56,0
003885_female_Asian_52,3
003886_female_Asian_52,0
003887_female_Asian_32,2
003889_female_Asian_35,1
003890_female_Asian_57,1
003891_female_Asian_31,1
003892_female_Asian_42,1
003893_female_Asian_46,1
003914_male_Asian_41,1
003921_male_Asian_59,2
003926_male_Asian_57,3
003929_male_Asian_59,3
003930_male_Asian_42,1
003937_male_Asian_58,1
003938_male_Asian_43,0
003942_male_Asian_59,2
003943_male_Asian_54,3
003945_male_Asian_53,2
003947_male_Asian_52,1
003955_male_Asian_41,4
003967_male_Asian_57,4
003981_male_Asian_60,2
003983_male_Asian_52,1
003990_male_Asian_43,4
003993_male_Asian_57,1
003997_male_Asian_59,1
004004_male_Asian_59,3
004006_male_Asian_54,4
004013_male_Asian_59,1
004021_male_Asian_59,0
004023_male_Asian_59,0
004026_male_Asian_59,3
004027_male_Asian_59,2
004070_female_Asian_55,0
004072_male_Asian_55,0
004074_male_Asian_59,4
004075_male_Asian_54,2
004076_female_Asian_54,3
004077_female_Asian_57,3
004078_female_Asian_53,2
004079_male_Asian_53,4
004080_female_Asian_60,0
004081_female_Asian_60,2
004082_female_Asian_55,3
004083_female_Asian_60,4
004085_female_Asian_60,3
004086_male_Asian_56,2
004087_female_Asian_58,4
004088_female_Asian_60,0
004089_female_Asian_60,1
004090_female_Asian_55,0
004093_female_Asian_58,0
004094_male_Asian_60,1
004096_male_Asian_60,0
004097_female_Asian_59,2
004098_female_Asian_56,0
004100_female_Asian_58,4
004163_male_Asian_55,3
004164_female_Asian_53,4
004178_male_Asian_55,4
004201_female_Asian_18,3
004202_male_Asian_19,0
004203_male_Asian_19,2
004204_male_Asian_19,1
004205_female_Asian_20,1
004206_male_Asian_18,0
004207_male_Asian_18,3
004209_male_Asian_60,1
004211_male_Asian_58,2
004212_female_Asian_59,4
004213_female_Asian_60,2
004214_female_Asian_58,1
004215_female_Asian_60,1
004216_female_Asian_55,2
004217_female_Asian_60,0
004218_female_Asian_60,3
004219_male_Asian_60,1
004220_female_Asian_56,1
004221_male_Asian_56,2
004222_female_Asian_55,2
004226_female_Asian_60,2
004228_female_Asian_58,4
004230_female_Asian_60,4
004231_female_Asian_60,0
004232_female_Asian_60,3
004233_female_Asian_60,1
004236_male_Asian_60,3
004237_female_Asian_59,0
004239_female_Asian_60,0
004241_male_Asian_60,4
004242_female_Asian_53,1
004244_female_Asian_60,0
004245_female_Asian_49,2
004246_female_Asian_38,3
004247_female_Asian_50,2
004248_female_Asian_38,3
004249_male_Asian_60,0
004250_male_Asian_56,2
004251_female_Asian_55,2
004252_male_Asian_60,4
004254_female_Asian_53,3
004257_female_Asian_57,3
004258_male_Asian_58,3
004259_male_Asian_60,4
004260_female_Asian_60,4
004262_female_Asian_59,0
004263_female_Asian_58,3
004264_female_Asian_60,1
004265_male_Asian_60,3
004266_female_Asian_60,4
004267_female_Asian_58,1
004268_female_Asian_50,3
004269_male_Asian_52,0
004272_male_Asian_58,1
004273_female_Asian_59,3
004276_female_Asian_60,4
004277_male_Asian_60,2
004278_female_Asian_55,4
004279_female_Asian_60,2
004280_male_Asian_60,2
004281_female_Asian_60,0
004282_male_Asian_60,4
004283_male_Asian_60,3
004284_male_Asian_60,2
004285_male_Asian_60,1
004286_male_Asian_60,0
004287_female_Asian_60,3
004288_female_Asian_60,1
004289_male_Asian_60,2
004290_female_Asian_60,4
004291_female_Asian_60,0
004303_male_Asian_60,3
004305_female_Asian_48,1
004306_female_Asian_42,3
004308_female_Asian_53,2
004309_female_Asian_56,2
004310_female_Asian_58,3
004311_female_Asian_55,4
004312_female_Asian_60,4
004313_female_Asian_56,2
004314_male_Asian_60,1
004317_male_Asian_60,0
004318_female_Asian_57,3
004319-1_female_Asian_58,0
004319_female_Asian_59,1
004320_female_Asian_58,3
004321_female_Asian_59,4
004322_female_Asian_60,4
004323_female_Asian_60,1
004324_female_Asian_60,4
004325_female_Asian_42,0
004326_female_Asian_19,2
004329_female_Asian_56,4
004331_female_Asian_48,2
004332_female_Asian_60,1
004333_male_Asian_57,3
004336_male_Asian_35,2
004339_female_Asian_60,1
004340_female_Asian_60,0
004342_male_Asian_58,4
004345_female_Asian_59,1
004346_female_Asian_45,4
004347_male_Asian_60,4
004348_male_Asian_59,0
004352_male_Asian_18,3
004353_male_Asian_60,0
004354_male_Asian_60,4
004355_female_Asian_51,1
004356_female_Asian_60,1
004357_male_Asian_60,2
004362_female_Asian_58,0
004363_female_Asian_60,2
004365_female_Asian_57,4
004367_male_Asian_52,0
004368_female_Asian_54,2
004371_female_Asian_56,0
004373_male_Asian_60,1
004374_female_Asian_55,3
004375_female_Asian_59,2
004376_female_Asian_58,3
004378_female_Asian_57,2
004380_female_Asian_60,4
004381_male_Asian_50,2
004382_female_Asian_55,4
004383_male_Asian_22,3
004384_female_Asian_60,3
004385_male_Asian_60,0
004386_female_Asian_60,0
004388_female_Asian_45,1
004389_female_Asian_36,0
004390_female_Asian_51,1
004391_female_Asian_55,0
004392_female_Asian_18,2
004393_male_Asian_60,4
004394_male_Asian_53,3
004396_female_Asian_60,0
004398_male_Asian_60,0
004399_female_Asian_59,3
004412_male_Asian_19,4
004413_male_Asian_18,2
004414_female_Asian_20,4
004417_female_Asian_28,0
004418_male_Asian_20,0
004420_female_Asian_32,3
004421_male_Asian_30,3
004422_female_Asian_20,3
004423_male_Asian_18,3
004424_male_Asian_19,1
004425_female_Asian_56,2
004426_female_Asian_24,2
004427_female_Asian_29,0
004428_female_Asian_56,1
004429_male_Asian_18,0
004430_male_Asian_18,4
004431_female_Asian_23,2
004432_female_Asian_43,3
004433_female_Asian_23,3
004436_male_Asian_22,2
004439_female_Asian_22,2
004440_female_Asian_25,0
004441_female_Asian_55,1
004442_male_Asian_40,4
004443_male_Asian_18,3
004444_male_Asian_25,4
004446_male_Asian_40,0
004447_male_Asian_24,0
004448_male_Asian_24,0
004450_male_Asian_22,2
004451_female_Asian_58,2
004453_male_Asian_52,4
004454_male_Asian_32,2
004455_female_Asian_55,1
004456_female_Asian_60,3
004457_female_Asian_59,0
004458_female_Asian_60,1
004459_female_Asian_60,2
004461_female_Asian_59,1
004462_female_Asian_58,2
004463_female_Asian_60,3
004465_female_Asian_50,3
004466_male_Asian_60,2
004467_female_Asian_49,0
004468_female_Asian_58,1
004469_male_Asian_25,0
004470_female_Asian_19,3
004471_female_Asian_20,2
004472_female_Asian_49,2
004475_male_Asian_25,3
004476_female_Asian_60,3
004477_female_Asian_60,0
004478_female_Asian_60,2
004479_male_Asian_38,0
004480_female_Asian_58,4
004481_male_Asian_29,0
004482_male_Asian_53,2
004483_male_Asian_19,3
004484_male_Asian_20,0
004485_male_Asian_57,0
004486_male_Asian_20,2
004487_male_Asian_18,1
004488_male_Asian_23,1
004489_male_Asian_23,3
004490_male_Asian_21,4
005001_female_Asian_28,1
005002_female_Asian_28,4
005003_female_Asian_45,1
005004_female_Asian_30,3
005005_female_Asian_28,0
005006_female_Asian_52,2
005007_female_Asian_56,0
005009_female_Asian_49,4
005010_female_Asian_27,0
005011_female_Asian_45,3
005014_female_Asian_35,0
005015_female_Asian_59,1
005016_female_Asian_46,0
005017_female_Asian_55,3
005018_female_Asian_49,4
005019_female_Asian_54,4
005020_female_Asian_29,4
005021_female_Asian_18,2
005023_female_Asian_53,0
005024_female_Asian_54,4
005025_female_Asian_60,1
005026_male_Asian_60,1
005027_female_Asian_53,4
005028_male_Asian_52,0
005029_female_Asian_49,3
005030_female_Asian_58,2
005031_male_Asian_58,3
005032_female_Asian_59,1
005033_male_Asian_60,4
005034_male_Asian_51,3
005035_female_Asian_49,4
005036_female_Asian_52,4
005038_female_Asian_51,2
005040_male_Asian_30,3
005041_female_Asian_48,0
005042_female_Asian_49,0
005043_female_Asian_43,0
005044_male_Asian_51,0
005045_male_Asian_60,1
005046_female_Asian_54,3
005047_female_Asian_26,0
005051_female_Asian_26,3
005052_male_Asian_46,1
005053_female_Asian_58,4
005054_female_Asian_55,0
005056_female_Asian_55,2
005057_female_Asian_58,1
005059_female_Asian_52,1
005065_female_Asian_49,1
005067-1_female_Asian_48,4
005067_female_Asian_58,2
005068_female_Asian_57,4
005071_male_Asian_60,1
005072_female_Asian_55,3
005073_female_Asian_35,2
005082_male_Asian_48,2
005083_female_Asian_27,2
005084_female_Asian_28,0
005085_male_Asian_58,2
005087_female_Asian_33,4
005088_female_Asian_29,0
005089_female_Asian_57,1
005090_female_Asian_55,2
005091_female_Asian_29,3
005092_male_Asian_52,0
005093_female_Asian_49,1
005102_female_Asian_58,2
005103_female_Asian_55,2
005105_male_Asian_33,1
005106_female_Asian_54,1
005107_female_Asian_38,3
005108_female_Asian_52,4
005109_female_Asian_45,0
005110_female_Asian_53,3
005111_female_Asian_53,0
005118_female_Asian_28,1
005119_male_Asian_19,0
005120_female_Asian_28,2
005123_female_Asian_54,0
005124_female_Asian_51,2
005126_female_Asian_46,3
005127_female_Asian_51,3
005128_male_Asian_45,1
005129_female_Asian_55,2
005130_female_Asian_29,1
005137_male_Asian_29,4
005138_male_Asian_30,3
005140_female_Asian_32,0
005141_male_Asian_48,0
005143_female_Asian_29,0
005145_female_Asian_30,4
005146_female_Asian_40,2
005148_male_Asian_51,2
005149_male_Asian_59,1
005151_female_Asian_32,4
005153_male_Asian_56,3
005154_male_Asian_35,2
005174_male_Asian_31,3
005183_female_Asian_20,4
005210_male_Asian_20,1
005211_male_Asian_22,2
005213_male_Asian_24,0
005215_male_Asian_22,4
005221_male_Asian_21,2
005223_male_Asian_22,1
005224_male_Asian_21,1
005225_female_Asian_19,3
005226_female_Asian_20,1
005227_male_Asian_22,3
005228_male_Asian_23,2
005229_male_Asian_20,0
005231_male_Asian_19,0
005232_male_Asian_18,1
005234_male_Asian_22,2
005236_male_Asian_21,1
005237_male_Asian_22,0
005238_male_Asian_25,2
005240_male_Asian_18,2
005243_male_Asian_21,2
005244_male_Asian_21,2
005245_male_Asian_20,2
005246_male_Asian_20,4
005248_male_Asian_22,3
005249_male_Asian_22,1
005250_male_Asian_26,1
005251_male_Asian_20,2
005252_male_Asian_21,4
005254_male_Asian_21,3
005255_male_Asian_19,4
005256_male_Asian_22,2
005257_male_Asian_22,0
005258_male_Asian_22,1
005259_male_Asian_23,2
005260_male_Asian_25,2
005261_male_Asian_20,4
005262_male_Asian_20,3
005263_male_Asian_20,0
005264_male_Asian_22,0
005265_male_Asian_22,0
005266_male_Asian_22,2
005267_male_Asian_21,1
005268_male_Asian_21,0
005269_male_Asian_21,4
005270_male_Asian_20,4
005271_male_Asian_20,4
005272_male_Asian_20,0
005274_male_Asian_20,4
005275_male_Asian_23,3
005276_male_Asian_24,1
005277_male_Asian_23,0
005278_male_Asian_22,1
005280_male_Asian_21,0
005281_male_Asian_22,1
005282_male_Asian_19,0
005283_male_Asian_22,2
005284_male_Asian_22,3
005285_male_Asian_22,4
005286_male_Asian_19,3
005287_male_Asian_22,0
005288_male_Asian_22,2
005291_male_Asian_51,1
005292_female_Asian_40,1
005293_male_Asian_31,4
005294_male_Asian_56,0
005295_male_Asian_29,0
005403_female_Asian_21,1
005404_female_Asian_25,1
005405_female_Asian_20,1
005406_male_Asian_24,1
005407_female_Asian_26,4
005408_male_Asian_28,4
005409_female_Asian_55,1
005410_female_Asian_58,4
005411_female_Asian_56,1
005412_female_Asian_60,3
005414_female_Asian_22,4
005415_female_Asian_50,4
005416_female_Asian_48,2
005417_female_Asian_43,0
005418_male_Asian_60,4
005419_female_Asian_38,3
005420_female_Asian_48,2
005421_female_Asian_48,3
005422_female_Asian_50,2
005423_male_Asian_38,4
005424_male_Asian_36,3
005425_female_Asian_40,3
005426_female_Asian_50,3
005428_female_Asian_48,2
005429_female_Asian_42,0
005430_male_Asian_52,0
005433_female_Asian_22,4
005435_female_Asian_23,2
005436_female_Asian_52,1
005439_female_Asian_58,3
005440_female_Asian_50,3
005441_male_Asian_50,2
005442_female_Asian_22,2
005443_female_Asian_23,0
005444_male_Asian_25,4
005445_female_Asian_53,1
005446_female_Asian_60,3
005447_female_Asian_52,0
005448_female_Asian_54,1
005449_female_Asian_48,2
005450_female_Asian_48,0
005451_male_Asian_32,0
005452_female_Asian_58,2
005453_female_Asian_60,4
005454_female_Asian_58,3
005456_female_Asian_45,3
005457_female_Asian_36,0
005458_male_Asian_52,0
005459_male_Asian_60,2
005460_female_Asian_58,1
005461_female_Asian_60,1
005463_female_Asian_48,0
005464_male_Asian_47,2
005466_female_Asian_45,2
005467_female_Asian_23,3
005468_female_Asian_26,0
005470_female_Asian_42,4
005471_female_Asian_38,4
005472_female_Asian_45,0
005473_female_Asian_51,1
005475_female_Asian_44,4
005476_female_Asian_43,1
005477_female_Asian_24,2
005478_female_Asian_43,4
005479_male_Asian_45,4
005480_female_Asian_24,1
005481_female_Asian_39,4
005483_female_Asian_45,2
005484_female_Asian_56,2
005487_female_Asian_48,1
005488_male_Asian_50,4
005489_female_Asian_43,0
005490_female_Asian_42,4
005491_male_Asian_46,3
005493_female_Asian_38,2
005494_female_Asian_47,2
005495_female_Asian_48,4
005496_female_Asian_52,4
005497_male_Asian_56,4
005498_female_Asian_50,3
005499_male_Asian_55,2
005500_female_Asian_49,0
005502_female_Asian_49,3
005503_female_Asian_55,4
005504_female_Asian_60,2
005506_male_Asian_25,2
005508_female_Asian_56,2
005509_female_Asian_46,4
005510_female_Asian_39,2
005511_female_Asian_35,3
005512_female_Asian_50,2
005513_female_Asian_48,1
005515_female_Asian_60,3
005516_female_Asian_52,3
005517_female_Asian_56,3
005518_female_Asian_49,0
005519_female_Asian_49,0
005520_female_Asian_51,1
005521_female_Asian_50,3
005522_female_Asian_55,2
005523_male_Asian_52,0
005524_female_Asian_38,0
005525_female_Asian_39,2
005526_male_Asian_23,0
005527_female_Asian_40,3
005528_female_Asian_40,4
005529_female_Asian_44,3
005530_female_Asian_19,1
005531_male_Asian_21,2
005532_female_Asian_18,1
005534_female_Asian_40,0
005536_female_Asian_39,3
005537_male_Asian_50,0
005543_female_Asian_30,0
005544_male_Asian_32,4
005545_male_Asian_53,4
005547_male_Asian_56,2
005548_female_Asian_40,0
005549_male_Asian_34,2
005551_male_Asian_43,1
005552_female_Asian_35,2
005553_male_Asian_48,2
005554_female_Asian_40,0
005555_male_Asian_48,4
005556_male_Asian_50,3
005557_male_Asian_46,1
005558_male_Asian_52,2
005559_male_Asian_52,0
006004_male_Asian_18,2
006006_female_Asian_18,1
006023_male_Asian_18,1
006056_female_Asian_19,1
006057_female_Asian_19,0
006058_female_Asian_19,3
006059_female_Asian_18,3
006060_female_Asian_19,2
006062_female_Asian_19,4
006065_female_Asian_19,0
006066_female_Asian_19,0
006069_female_Asian_19,0
006070_female_Asian_19,4
006071_male_Asian_20,0
006075_male_Asian_18,0
006076_male_Asian_18,3
006079_male_Asian_18,0
006080_male_Asian_19,4
006081_male_Asian_19,2
006083_male_Asian_18,4
006086_male_Asian_19,0
006087_male_Asian_18,0
006088_male_Asian_18,4
006089_male_Asian_18,1
006090_male_Asian_19,1
006091_male_Asian_19,4
006093_male_Asian_19,0
006094_male_Asian_19,3
006095_male_Asian_18,4
006096_male_Asian_19,4
006097_male_Asian_18,2
006098_male_Asian_18,4
006099_male_Asian_19,0
006100_male_Asian_19,1
006101_male_Asian_19,1
006102_male_Asian_18,4
006104_male_Asian_18,3
006105_male_Asian_18,0
006106_male_Asian_19,4
006107_male_Asian_18,3
006108_male_Asian_19,1
006127_male_Asian_20,2
006128_male_Asian_20,1
006129_male_Asian_20,1
006131_male_Asian_20,2
006132_male_Asian_19,1
006133_male_Asian_19,0
006135_male_Asian_19,2
006136_male_Asian_19,3
006137_male_Asian_19,2
006138_male_Asian_19,3
006139_male_Asian_19,2
006140_male_Asian_19,4
006141_male_Asian_19,1
006142_male_Asian_19,4
006145_male_Asian_19,3
006146_male_Asian_20,0
006147_male_Asian_19,0
006148_male_Asian_19,2
006150_male_Asian_20,0
006151_male_Asian_19,2
006154_male_Asian_20,1
006155_male_Asian_20,4
006158_male_Asian_20,1
006159_male_Asian_20,3
006160_male_Asian_20,4
006161_male_Asian_20,1
006162_male_Asian_20,3
006163_female_Asian_18,4
006164_female_Asian_19,1
006166_female_Asian_19,2
006167_female_Asian_18,1
006168_female_Asian_19,2
006170_female_Asian_20,4
006171_female_Asian_18,2
006172_female_Asian_19,3
006173_female_Asian_19,3
006175_female_Asian_18,2
006176_female_Asian_19,3
006177_female_Asian_19,3
006178_female_Asian_19,3
006179_female_Asian_18,1
006200_male_Asian_18,1
006206_male_Asian_19,3
006207_male_Asian_19,0
006210_male_Asian_19,3
006211_male_Asian_19,4
006212_male_Asian_19,1
006213_male_Asian_19,3
006214_male_Asian_19,4
006215_male_Asian_19,1
006216_male_Asian_19,1
006218_male_Asian_20,4
006219_male_Asian_20,4
006220_male_Asian_18,3
006221_male_Asian_20,0
006222_male_Asian_19,4
006223_male_Asian_20,4
006224_male_Asian_20,3
006225_male_Asian_19,2
006226_male_Asian_19,2
006228_male_Asian_20,2
006229_male_Asian_19,0
006230_male_Asian_19,4
006231_male_Asian_20,1
006233_male_Asian_20,2
006234_male_Asian_20,0
006235_male_Asian_20,4
006236_male_Asian_20,3
006237_male_Asian_19,1
006239_male_Asian_19,3
006240_male_Asian_20,2
006241_male_Asian_20,2
006242_male_Asian_19,1
006243_male_Asian_19,0
006244_male_Asian_19,1
006245_male_Asian_19,2
006248_male_Asian_20,3
006258_female_Asian_20,3
006259_female_Asian_20,4
006261_female_Asian_20,1
006262_female_Asian_20,2
006264_female_Asian_20,2
006267_female_Asian_20,3
006268_female_Asian_20,4
006269_female_Asian_20,2
006335_female_Asian_18,3
006336_female_Asian_18,0
006338_female_Asian_18,3
006339_female_Asian_18,0
006340_female_Asian_18,4
006341_female_Asian_18,2
006343_female_Asian_18,4
006344_female_Asian_18,1
006345_female_Asian_18,0
006346_female_Asian_18,4
006347_female_Asian_18,2
006349_female_Asian_18,0
006350_female_Asian_18,3
006351_female_Asian_18,3
006352_female_Asian_18,2
006353_female_Asian_18,4
006354_female_Asian_18,1
006355_female_Asian_18,0
006356_female_Asian_18,1
006357_female_Asian_18,0
006359_male_Asian_18,2
006360_male_Asian_18,1
006361_male_Asian_18,1
006362_male_Asian_18,2
006363_male_Asian_18,1
006364_male_Asian_18,2
006365_male_Asian_19,3
006366_male_Asian_19,3
006367_male_Asian_19,0
006368_male_Asian_19,0
006369_male_Asian_19,3
006371_male_Asian_19,4
006372_male_Asian_19,4
006373_male_Asian_19,3
006375_male_Asian_19,3
006377_male_Asian_19,3
006379_male_Asian_19,2
006380_male_Asian_19,1
006381_male_Asian_19,2
006382_male_Asian_19,0
006383_male_Asian_19,4
006384_male_Asian_19,1
006385_male_Asian_19,3
006386_male_Asian_19,3
006387_male_Asian_19,1
006389_male_Asian_19,4
006392_male_Asian_19,2
006393_male_Asian_19,4
006395_male_Asian_19,0
006396_male_Asian_19,2
006397_male_Asian_19,0
006398_male_Asian_19,1
006399_male_Asian_19,2
006400_female_Asian_18,3
006401_female_Asian_18,0
006402_female_Asian_18,1
006403_female_Asian_18,2
006405_female_Asian_18,1
006406_female_Asian_18,3
006407_female_Asian_18,2
006408_female_Asian_18,0
006409_female_Asian_18,3
006410_female_Asian_18,1
006412_female_Asian_18,1
006413_female_Asian_18,3
006414_female_Asian_18,4
006415_female_Asian_18,4
006417_female_Asian_18,0
006418_female_Asian_18,4
006419_female_Asian_18,4
006420_female_Asian_18,4
006421_female_Asian_18,2
006422_female_Asian_20,4
006423_female_Asian_18,4
006424_female_Asian_18,2
006425_female_Asian_18,0
006426_female_Asian_18,0
006427_female_Asian_18,0
006428_female_Asian_18,3
006429_female_Asian_18,4
006430_female_Asian_18,0
006431_female_Asian_18,3
006433_female_Asian_18,1
006434_female_Asian_18,1
006435_female_Asian_18,1
006437_female_Asian_18,2
006438_female_Asian_18,4
006439_female_Asian_18,3
006440_female_Asian_18,2
006441_female_Asian_18,4
006442_female_Asian_18,1
006443_female_Asian_18,2
006444_female_Asian_18,1
006445_female_Asian_18,2
006446_female_Asian_18,2
006447_female_Asian_18,2
006448_female_Asian_18,3
006449_female_Asian_18,4
006451_female_Asian_18,0
006452_female_Asian_18,3
006454_female_Asian_18,0
006455_female_Asian_18,0
006456_female_Asian_18,2
006460_female_Asian_18,4
006461_female_Asian_18,3
006462_female_Asian_18,2
006463_female_Asian_18,0
006465_female_Asian_18,2
006466_female_Asian_18,4
006467_female_Asian_18,1
006468_female_Asian_18,2
006469_female_Asian_18,1
006470_female_Asian_18,3
006471_female_Asian_18,1
006472_female_Asian_18,4
006473_female_Asian_18,3
006474_female_Asian_18,3
006476_female_Asian_18,2
006477_female_Asian_18,3
006478_female_Asian_18,4
006479_female_Asian_18,3
006480_female_Asian_18,0
006482_female_Asian_18,1
006483_female_Asian_18,3
006484_female_Asian_18,3
006485_female_Asian_18,1
006486_female_Asian_18,0
006487_female_Asian_18,1
006488_female_Asian_18,2
006489_female_Asian_18,0
006491_female_Asian_18,2
006493_female_Asian_18,3
006494_female_Asian_18,3
006496_female_Asian_18,0
006497_female_Asian_18,1
006498_female_Asian_18,0
006499_female_Asian_18,2
006500_female_Asian_18,4
006502_male_Asian_26,1
006503_female_Asian_28,4
006504_female_Asian_20,0
006510_male_Asian_19,3
006511_male_Asian_19,1
006512_male_Asian_20,0
006513_male_Asian_19,2
006514_male_Asian_20,1
006516_male_Asian_19,1
006518_female_Asian_19,1
006520_female_Asian_19,4
006522_female_Asian_19,1
006523_female_Asian_19,4
006526_male_Asian_19,4
006527_male_Asian_19,4
006528_female_Asian_20,4
006529_female_Asian_20,2
006530_female_Asian_20,2
006531_female_Asian_20,2
006533_female_Asian_20,0
006535_female_Asian_19,4
006536_female_Asian_19,2
006541_female_Asian_22,2
006542_female_Asian_21,4
006543_female_Asian_21,4
006544_female_Asian_19,3
006545_female_Asian_20,0
006551_female_Asian_20,3
006553_female_Asian_20,4
006554_female_Asian_20,2
006555_female_Asian_21,2
006556_male_Asian_21,0
006562_male_Asian_19,3
006563_male_Asian_20,3
006564_male_Asian_19,0
006565_male_Asian_20,4
006566_female_Asian_19,3
006567_female_Asian_20,2
006568_female_Asian_19,1
006571_female_Asian_21,4
006578_male_Asian_19,4
006579_female_Asian_20,3
006580_female_Asian_20,0
006582_female_Asian_20,0
006584_female_Asian_20,1
006589_female_Asian_20,3
006593_female_Asian_20,2
006596_male_Asian_19,3
006597_male_Asian_19,0
006603_male_Asian_19,1
006605_male_Asian_19,3
006606_male_Asian_19,2
006607_male_Asian_19,3
006608_male_Asian_19,1
006609_male_Asian_19,2
006610_male_Asian_19,4
006611_male_Asian_20,3
006612_male_Asian_19,1
006613_male_Asian_19,1
006614_male_Asian_19,2
006615_male_Asian_19,1
006616_male_Asian_20,2
006617_male_Asian_19,3
006618_male_Asian_19,0
006621_male_Asian_19,1
006622_male_Asian_19,3
006623_male_Asian_19,2
006626_male_Asian_19,3
006627_female_Asian_19,1
006628_female_Asian_19,2
006629_female_Asian_19,3
006631_female_Asian_19,4
006635_female_Asian_19,3
006636_female_Asian_19,0
006637_female_Asian_19,4
006639_male_Asian_19,3
006643_male_Asian_19,1
006644_male_Asian_19,4
006646_male_Asian_19,0
006648_female_Asian_19,0
006649_male_Asian_19,1
006651_male_Asian_19,2
006652_male_Asian_20,2
006653_male_Asian_19,4
006654_male_Asian_19,2
006655_male_Asian_20,4
006656_male_Asian_19,3
006657_male_Asian_20,4
006658_male_Asian_19,0
006659_male_Asian_19,3
006660_male_Asian_19,4
006661_male_Asian_19,1
006664_male_Asian_19,2
006665_male_Asian_19,0
006666_male_Asian_20,1
006667_male_Asian_19,3
006668_male_Asian_22,0
006669_male_Asian_19,0
006670_male_Asian_19,4
006671_male_Asian_19,2
006672_male_Asian_19,4
006673_male_Asian_19,2
006674_male_Asian_19,4
006675_male_Asian_19,2
006676_male_Asian_20,3
006677_male_Asian_19,3
006678_male_Asian_19,3
006680_male_Asian_19,0
006682_male_Asian_19,1
006684_male_Asian_19,1
006686_male_Asian_20,4
006687_male_Asian_19,3
006688_male_Asian_19,3
006690_male_Asian_20,4
006691_male_Asian_19,1
006694_female_Asian_19,0
006699_male_Asian_19,3
006700_male_Asian_19,4
006706_male_Asian_20,0
006707_male_Asian_19,0
006708_male_Asian_19,0
006709_male_Asian_19,2
006710_male_Asian_19,3
006711_male_Asian_19,0
006712_male_Asian_20,1
006713_male_Asian_19,4
006714_male_Asian_20,3
006715_male_Asian_21,2
006716_male_Asian_19,3
006717_male_Asian_19,1
006718_male_Asian_19,2
006719_male_Asian_19,1
006721_male_Asian_20,3
006722_male_Asian_19,2
006724_male_Asian_19,4
006725_male_Asian_19,4
006726_male_Asian_19,4
006727_male_Asian_20,2
006728_male_Asian_19,0
006729_male_Asian_19,1
006730_male_Asian_19,0
006731_male_Asian_19,0
006732_male_Asian_19,1
006737_female_Asian_19,2
006738_male_Asian_19,2
006742_male_Asian_19,3
006743_male_Asian_19,2
006744_male_Asian_20,3
006745_male_Asian_19,4
006746_male_Asian_19,4
006748_male_Asian_19,0
006749_male_Asian_19,4
006750_male_Asian_19,1
006751_male_Asian_20,1
006752_male_Asian_19,1
006753_male_Asian_19,1
006754_male_Asian_19,4
006755_male_Asian_19,2
006770_male_Asian_20,1
006900_female_Asian_19,0
006905_male_Asian_19,0
006921_male_Asian_19,4
006924_male_Asian_19,0
006926_male_Asian_19,4
006927_male_Asian_19,0
006928_male_Asian_19,2
006934_male_Asian_19,0
006941_male_Asian_20,1
006942_male_Asian_19,3
006943_male_Asian_20,1
006944_male_Asian_20,1
006945_male_Asian_19,3
006946_male_Asian_20,2
006947_male_Asian_19,3
006948_male_Asian_19,4
006950_male_Asian_19,4
006951_male_Asian_21,4
006952_male_Asian_19,1
006954_male_Asian_19,3
006955_male_Asian_19,3
006956_male_Asian_19,3
006957_male_Asian_20,4
006959_male_Asian_19,1
